Column1;Column2;Column3
adjust_com-htm;css-prefetch;633.0
adjust_com-htm;css-preload;783.7
adjust_com-htm;img-prefetch;889.1
adjust_com-htm;img-preload;1005.2
adjust_com-htm;none;544.4
adjust_com-htm;scr-prefetch;1068.6
adjust_com-htm;scr-preload;900.1
adjust_com-htm;url-preconnect;726.8
adp_com-htm;css-prefetch;1346.1
adp_com-htm;css-preload;1323.6
adp_com-htm;img-prefetch;1366.3
adp_com-htm;img-preload;1326.3
adp_com-htm;none;1728.2
adp_com-htm;scr-prefetch;1350.9
adp_com-htm;scr-preload;2732.7
adp_com-htm;url-preconnect;1759.0
aljazeera_com-htm;css-prefetch;922.5
aljazeera_com-htm;css-preload;865.3
aljazeera_com-htm;img-prefetch;688.1
aljazeera_com-htm;img-preload;1061.7
aljazeera_com-htm;none;1037.3
aljazeera_com-htm;scr-prefetch;1537.0
aljazeera_com-htm;scr-preload;1509.3
aljazeera_com-htm;url-preconnect;578.9
aljazeera_net-htm;css-prefetch;974.4
aljazeera_net-htm;css-preload;944.8
aljazeera_net-htm;img-prefetch;679.6
aljazeera_net-htm;img-preload;771.0
aljazeera_net-htm;none;908.9
aljazeera_net-htm;scr-prefetch;1231.1
aljazeera_net-htm;scr-preload;1072.3
aljazeera_net-htm;url-preconnect;988.1
avira_com-htm;css-prefetch;1236.5
avira_com-htm;css-preload;1152.7
avira_com-htm;img-prefetch;1695.8
avira_com-htm;img-preload;1311.5
avira_com-htm;none;1382.9
avira_com-htm;scr-prefetch;1351.5
avira_com-htm;scr-preload;1252.4
avira_com-htm;url-preconnect;1094.7
beget_ru-htm;css-prefetch;2249.3
beget_ru-htm;css-preload;2052.0
beget_ru-htm;img-prefetch;2159.6
beget_ru-htm;img-preload;2119.9
beget_ru-htm;none;2132.2
beget_ru-htm;scr-prefetch;3092.0
beget_ru-htm;scr-preload;3133.7
beget_ru-htm;url-preconnect;2148.1
bild_de-htm;css-prefetch;958.6
bild_de-htm;css-preload;1216.2
bild_de-htm;img-prefetch;1230.5
bild_de-htm;img-preload;1065.4
bild_de-htm;none;1027.4
bild_de-htm;scr-prefetch;1340.9
bild_de-htm;scr-preload;859.7
bild_de-htm;url-preconnect;826.6
binance_com-htm;css-prefetch;1838.4
binance_com-htm;css-preload;1684.6
binance_com-htm;img-prefetch;1911.0
binance_com-htm;img-preload;1409.0
binance_com-htm;none;1677.5
binance_com-htm;scr-prefetch;1390.0
binance_com-htm;scr-preload;1625.7
binance_com-htm;url-preconnect;2444.8
bit_ly-htm;css-prefetch;1134.0
bit_ly-htm;css-preload;808.1
bit_ly-htm;img-prefetch;828.9
bit_ly-htm;img-preload;880.6
bit_ly-htm;none;857.9
bit_ly-htm;scr-prefetch;910.1
bit_ly-htm;scr-preload;923.4
bit_ly-htm;url-preconnect;1030.5
bitrix24_ru-htm;css-prefetch;868.5
bitrix24_ru-htm;css-preload;1353.2
bitrix24_ru-htm;img-prefetch;942.7
bitrix24_ru-htm;img-preload;963.8
bitrix24_ru-htm;none;910.6
bitrix24_ru-htm;scr-prefetch;1049.9
bitrix24_ru-htm;scr-preload;1143.5
bitrix24_ru-htm;url-preconnect;1072.5
bund_de-htm;css-prefetch;629.2
bund_de-htm;css-preload;629.2
bund_de-htm;img-prefetch;629.2
bund_de-htm;img-preload;629.2
bund_de-htm;none;629.2
bund_de-htm;scr-prefetch;629.2
bund_de-htm;scr-preload;629.2
bund_de-htm;url-preconnect;629.2
buzzfeed_com-htm;css-prefetch;735.6
buzzfeed_com-htm;css-preload;841.8
buzzfeed_com-htm;img-prefetch;698.6
buzzfeed_com-htm;img-preload;854.5
buzzfeed_com-htm;none;925.1
buzzfeed_com-htm;scr-prefetch;935.7
buzzfeed_com-htm;scr-preload;962.3
buzzfeed_com-htm;url-preconnect;754.1
citi_com-htm;css-prefetch;852.4
citi_com-htm;css-preload;817.1
citi_com-htm;img-prefetch;997.2
citi_com-htm;img-preload;934.5
citi_com-htm;none;766.7
citi_com-htm;scr-prefetch;936.9
citi_com-htm;scr-preload;956.7
citi_com-htm;url-preconnect;1017.5
divar_ir-htm;css-prefetch;788.3
divar_ir-htm;css-preload;790.5
divar_ir-htm;img-prefetch;575.7
divar_ir-htm;img-preload;744.6
divar_ir-htm;none;885.9
divar_ir-htm;scr-prefetch;742.9
divar_ir-htm;scr-preload;776.6
divar_ir-htm;url-preconnect;437.1
dropbox_com-htm;css-prefetch;959.2
dropbox_com-htm;css-preload;950.0
dropbox_com-htm;img-prefetch;1067.5
dropbox_com-htm;img-preload;923.9
dropbox_com-htm;none;861.7
dropbox_com-htm;scr-prefetch;673.9
dropbox_com-htm;scr-preload;983.1
dropbox_com-htm;url-preconnect;910.2
elpais_com-htm;css-prefetch;747.0
elpais_com-htm;css-preload;832.6
elpais_com-htm;img-prefetch;662.2
elpais_com-htm;img-preload;681.8
elpais_com-htm;none;745.3
elpais_com-htm;scr-prefetch;679.2
elpais_com-htm;scr-preload;952.3
elpais_com-htm;url-preconnect;685.2
flipboard_com-htm;css-prefetch;1101.5
flipboard_com-htm;css-preload;1115.3
flipboard_com-htm;img-prefetch;1224.0
flipboard_com-htm;img-preload;1012.3
flipboard_com-htm;none;1024.3
flipboard_com-htm;scr-prefetch;1169.0
flipboard_com-htm;scr-preload;893.9
flipboard_com-htm;url-preconnect;958.4
force_com-htm;css-prefetch;3950.6
force_com-htm;css-preload;1789.4
force_com-htm;img-prefetch;1709.7
force_com-htm;img-preload;1741.0
force_com-htm;none;1711.0
force_com-htm;scr-prefetch;1391.4
force_com-htm;scr-preload;1656.4
force_com-htm;url-preconnect;2264.4
freepik_com-htm;css-prefetch;1368.4
freepik_com-htm;css-preload;1693.4
freepik_com-htm;img-prefetch;1311.6
freepik_com-htm;img-preload;957.8
freepik_com-htm;none;1224.0
freepik_com-htm;scr-prefetch;1065.5
freepik_com-htm;scr-preload;1243.8
freepik_com-htm;url-preconnect;1552.2
frontiersin_org-htm;css-prefetch;1197.1
frontiersin_org-htm;css-preload;1047.0
frontiersin_org-htm;img-prefetch;1096.8
frontiersin_org-htm;img-preload;1200.7
frontiersin_org-htm;none;1160.5
frontiersin_org-htm;scr-prefetch;1389.8
frontiersin_org-htm;scr-preload;1328.6
frontiersin_org-htm;url-preconnect;1293.6
gismeteo_ru-htm;css-prefetch;771.7
gismeteo_ru-htm;css-preload;1033.0
gismeteo_ru-htm;img-prefetch;854.8
gismeteo_ru-htm;img-preload;867.1
gismeteo_ru-htm;none;554.2
gismeteo_ru-htm;scr-prefetch;905.5
gismeteo_ru-htm;scr-preload;848.9
gismeteo_ru-htm;url-preconnect;873.2
hindustantimes_com-htm;css-prefetch;570.3
hindustantimes_com-htm;css-preload;587.9
hindustantimes_com-htm;img-prefetch;618.0
hindustantimes_com-htm;img-preload;1025.6
hindustantimes_com-htm;none;661.5
hindustantimes_com-htm;scr-prefetch;804.8
hindustantimes_com-htm;scr-preload;939.4
hindustantimes_com-htm;url-preconnect;819.1
hollywoodreporter_com-htm;css-prefetch;925.4
hollywoodreporter_com-htm;css-preload;972.0
hollywoodreporter_com-htm;img-prefetch;796.1
hollywoodreporter_com-htm;img-preload;998.3
hollywoodreporter_com-htm;none;1005.3
hollywoodreporter_com-htm;scr-prefetch;764.9
hollywoodreporter_com-htm;scr-preload;853.7
hollywoodreporter_com-htm;url-preconnect;1115.0
hostgator_com-htm;css-prefetch;504.1
hostgator_com-htm;css-preload;994.1
hostgator_com-htm;img-prefetch;532.0
hostgator_com-htm;img-preload;810.2
hostgator_com-htm;none;885.4
hostgator_com-htm;scr-prefetch;694.1
hostgator_com-htm;scr-preload;937.5
hostgator_com-htm;url-preconnect;457.0
infonline_de-htm;css-prefetch;1458.0
infonline_de-htm;css-preload;1685.7
infonline_de-htm;img-prefetch;1215.5
infonline_de-htm;img-preload;1442.0
infonline_de-htm;none;1367.7
infonline_de-htm;scr-prefetch;1468.2
infonline_de-htm;scr-preload;1122.5
infonline_de-htm;url-preconnect;1148.3
intel_com-htm;css-prefetch;1036.0
intel_com-htm;css-preload;898.4
intel_com-htm;img-prefetch;954.6
intel_com-htm;img-preload;1002.9
intel_com-htm;none;752.3
intel_com-htm;scr-prefetch;992.1
intel_com-htm;scr-preload;925.6
intel_com-htm;url-preconnect;1044.0
jstor_org-htm;css-prefetch;1813.4
jstor_org-htm;css-preload;2221.1
jstor_org-htm;img-prefetch;2440.9
jstor_org-htm;img-preload;10267.7
jstor_org-htm;none;1797.4
jstor_org-htm;scr-prefetch;1939.6
jstor_org-htm;scr-preload;15795.3
jstor_org-htm;url-preconnect;2817.5
lenta_ru-htm;css-prefetch;821.0
lenta_ru-htm;css-preload;1016.1
lenta_ru-htm;img-prefetch;1165.5
lenta_ru-htm;img-preload;1137.6
lenta_ru-htm;none;906.6
lenta_ru-htm;scr-prefetch;1185.1
lenta_ru-htm;scr-preload;899.0
lenta_ru-htm;url-preconnect;1376.3
livejournal_com-htm;css-prefetch;1235.8
livejournal_com-htm;css-preload;2724.3
livejournal_com-htm;img-prefetch;1714.0
livejournal_com-htm;img-preload;1313.3
livejournal_com-htm;none;1376.3
livejournal_com-htm;scr-prefetch;1222.1
livejournal_com-htm;scr-preload;1402.8
livejournal_com-htm;url-preconnect;1288.5
luminate_com-htm;css-prefetch;416.9
luminate_com-htm;css-preload;882.3
luminate_com-htm;img-prefetch;690.7
luminate_com-htm;img-preload;785.7
luminate_com-htm;none;523.4
luminate_com-htm;scr-prefetch;887.4
luminate_com-htm;scr-preload;744.0
luminate_com-htm;url-preconnect;847.2
marriott_com-htm;css-prefetch;1052.9
marriott_com-htm;css-preload;1791.5
marriott_com-htm;img-prefetch;1196.8
marriott_com-htm;img-preload;1325.8
marriott_com-htm;none;1458.6
marriott_com-htm;scr-prefetch;1633.8
marriott_com-htm;scr-preload;1380.0
marriott_com-htm;url-preconnect;964.5
namecheap_com-htm;css-prefetch;950.0
namecheap_com-htm;css-preload;1232.0
namecheap_com-htm;img-prefetch;1906.3
namecheap_com-htm;img-preload;1745.7
namecheap_com-htm;none;1105.5
namecheap_com-htm;scr-prefetch;1229.5
namecheap_com-htm;scr-preload;898.0
namecheap_com-htm;url-preconnect;845.5
nexon_com-htm;css-prefetch;3507.4
nexon_com-htm;css-preload;3507.4
nexon_com-htm;img-prefetch;3507.4
nexon_com-htm;img-preload;3507.4
nexon_com-htm;none;3507.4
nexon_com-htm;scr-prefetch;3507.4
nexon_com-htm;scr-preload;3507.4
nexon_com-htm;url-preconnect;3507.4
nextdoor_com-htm;css-prefetch;4047.6
nextdoor_com-htm;css-preload;2867.2
nextdoor_com-htm;img-prefetch;3098.8
nextdoor_com-htm;img-preload;3120.2
nextdoor_com-htm;none;3939.4
nextdoor_com-htm;scr-prefetch;3228.3
nextdoor_com-htm;scr-preload;3699.1
nextdoor_com-htm;url-preconnect;2816.4
nfl_com-htm;css-prefetch;1831.1
nfl_com-htm;css-preload;1370.4
nfl_com-htm;img-prefetch;1271.1
nfl_com-htm;img-preload;1359.8
nfl_com-htm;none;884.6
nfl_com-htm;scr-prefetch;1253.7
nfl_com-htm;scr-preload;1151.8
nfl_com-htm;url-preconnect;2047.2
no-ip_com-htm;css-prefetch;2486.9
no-ip_com-htm;css-preload;1971.9
no-ip_com-htm;img-prefetch;2541.6
no-ip_com-htm;img-preload;2464.5
no-ip_com-htm;none;2532.9
no-ip_com-htm;scr-prefetch;1519.8
no-ip_com-htm;scr-preload;2336.6
no-ip_com-htm;url-preconnect;2317.1
paypal_com-htm;css-prefetch;1429.8
paypal_com-htm;css-preload;1009.9
paypal_com-htm;img-prefetch;955.4
paypal_com-htm;img-preload;638.5
paypal_com-htm;none;945.8
paypal_com-htm;scr-prefetch;650.0
paypal_com-htm;scr-preload;978.1
paypal_com-htm;url-preconnect;895.0
python_org-htm;css-prefetch;828.1
python_org-htm;css-preload;800.8
python_org-htm;img-prefetch;880.4
python_org-htm;img-preload;856.0
python_org-htm;none;875.7
python_org-htm;scr-prefetch;877.5
python_org-htm;scr-preload;781.9
python_org-htm;url-preconnect;791.9
qualtrics_com-htm;css-prefetch;6260.4
qualtrics_com-htm;css-preload;6152.9
qualtrics_com-htm;img-prefetch;7012.5
qualtrics_com-htm;img-preload;5867.9
qualtrics_com-htm;none;6021.7
qualtrics_com-htm;scr-prefetch;6323.2
qualtrics_com-htm;scr-preload;6008.0
qualtrics_com-htm;url-preconnect;5633.3
rapid7_com-htm;css-prefetch;1891.6
rapid7_com-htm;css-preload;2040.0
rapid7_com-htm;img-prefetch;1905.8
rapid7_com-htm;img-preload;1966.8
rapid7_com-htm;none;1839.6
rapid7_com-htm;scr-prefetch;1837.9
rapid7_com-htm;scr-preload;1728.5
rapid7_com-htm;url-preconnect;1828.1
redgifs_com-htm;css-prefetch;1728.5
redgifs_com-htm;css-preload;1728.5
redgifs_com-htm;img-prefetch;1728.5
redgifs_com-htm;img-preload;1728.5
redgifs_com-htm;none;1728.5
redgifs_com-htm;scr-prefetch;1728.5
redgifs_com-htm;scr-preload;1728.5
redgifs_com-htm;url-preconnect;1728.5
ring_com-htm;css-prefetch;980.3
ring_com-htm;css-preload;907.3
ring_com-htm;img-prefetch;919.8
ring_com-htm;img-preload;786.1
ring_com-htm;none;688.4
ring_com-htm;scr-prefetch;1004.8
ring_com-htm;scr-preload;1300.9
ring_com-htm;url-preconnect;1027.8
rollingstone_com-htm;css-prefetch;1424.5
rollingstone_com-htm;css-preload;1477.2
rollingstone_com-htm;img-prefetch;1337.0
rollingstone_com-htm;img-preload;1352.2
rollingstone_com-htm;none;1122.6
rollingstone_com-htm;scr-prefetch;1344.7
rollingstone_com-htm;scr-preload;1112.8
rollingstone_com-htm;url-preconnect;1329.5
sectigo_com-htm;css-prefetch;1853.6
sectigo_com-htm;css-preload;2103.2
sectigo_com-htm;img-prefetch;928.4
sectigo_com-htm;img-preload;887.4
sectigo_com-htm;none;859.7
sectigo_com-htm;scr-prefetch;813.0
sectigo_com-htm;scr-preload;766.8
sectigo_com-htm;url-preconnect;912.8
sharepoint_com-htm;css-prefetch;1254.7
sharepoint_com-htm;css-preload;1137.9
sharepoint_com-htm;img-prefetch;1401.3
sharepoint_com-htm;img-preload;1186.4
sharepoint_com-htm;none;1125.6
sharepoint_com-htm;scr-prefetch;1044.6
sharepoint_com-htm;scr-preload;891.7
sharepoint_com-htm;url-preconnect;906.0
slideshare_net-htm;css-prefetch;1155.7
slideshare_net-htm;css-preload;1233.9
slideshare_net-htm;img-prefetch;1083.0
slideshare_net-htm;img-preload;1124.3
slideshare_net-htm;none;1163.9
slideshare_net-htm;scr-prefetch;754.5
slideshare_net-htm;scr-preload;1171.8
slideshare_net-htm;url-preconnect;1101.8
squarespace_com-htm;css-prefetch;1029.2
squarespace_com-htm;css-preload;1425.4
squarespace_com-htm;img-prefetch;944.8
squarespace_com-htm;img-preload;867.8
squarespace_com-htm;none;759.4
squarespace_com-htm;scr-prefetch;1053.9
squarespace_com-htm;scr-preload;667.9
squarespace_com-htm;url-preconnect;704.6
taobao_com-htm;css-prefetch;1178.5
taobao_com-htm;css-preload;1411.5
taobao_com-htm;img-prefetch;937.8
taobao_com-htm;img-preload;1222.9
taobao_com-htm;none;1331.8
taobao_com-htm;scr-prefetch;1539.8
taobao_com-htm;scr-preload;891.7
taobao_com-htm;url-preconnect;1259.4
ted_com-htm;css-prefetch;1605.1
ted_com-htm;css-preload;1513.4
ted_com-htm;img-prefetch;1228.0
ted_com-htm;img-preload;758.6
ted_com-htm;none;1352.8
ted_com-htm;scr-prefetch;1414.1
ted_com-htm;scr-preload;889.7
ted_com-htm;url-preconnect;1218.2
time_com-htm;css-prefetch;924.0
time_com-htm;css-preload;1195.1
time_com-htm;img-prefetch;1085.4
time_com-htm;img-preload;995.7
time_com-htm;none;1126.8
time_com-htm;scr-prefetch;937.4
time_com-htm;scr-preload;936.5
time_com-htm;url-preconnect;808.8
timeanddate_com-htm;css-prefetch;625.4
timeanddate_com-htm;css-preload;879.4
timeanddate_com-htm;img-prefetch;789.8
timeanddate_com-htm;img-preload;904.2
timeanddate_com-htm;none;925.5
timeanddate_com-htm;scr-prefetch;794.4
timeanddate_com-htm;scr-preload;846.8
timeanddate_com-htm;url-preconnect;945.9
tinyurl_com-htm;css-prefetch;2371.7
tinyurl_com-htm;css-preload;3458.3
tinyurl_com-htm;img-prefetch;2076.2
tinyurl_com-htm;img-preload;2143.0
tinyurl_com-htm;none;2133.4
tinyurl_com-htm;scr-prefetch;8051.3
tinyurl_com-htm;scr-preload;2448.2
tinyurl_com-htm;url-preconnect;2388.4
trustpilot_com-htm;css-prefetch;926.6
trustpilot_com-htm;css-preload;837.8
trustpilot_com-htm;img-prefetch;1055.1
trustpilot_com-htm;img-preload;1038.5
trustpilot_com-htm;none;1099.3
trustpilot_com-htm;scr-prefetch;918.6
trustpilot_com-htm;scr-preload;920.2
trustpilot_com-htm;url-preconnect;887.1
txxx_com-htm;css-prefetch;887.1
txxx_com-htm;css-preload;887.1
txxx_com-htm;img-prefetch;887.1
txxx_com-htm;img-preload;887.1
txxx_com-htm;none;887.1
txxx_com-htm;scr-prefetch;887.1
txxx_com-htm;scr-preload;887.1
txxx_com-htm;url-preconnect;887.1
ucdavis_edu-htm;css-prefetch;1888.8
ucdavis_edu-htm;css-preload;1211.6
ucdavis_edu-htm;img-prefetch;1167.5
ucdavis_edu-htm;img-preload;1089.9
ucdavis_edu-htm;none;2007.7
ucdavis_edu-htm;scr-prefetch;2408.6
ucdavis_edu-htm;scr-preload;2042.8
ucdavis_edu-htm;url-preconnect;1167.4
udemy_com-htm;css-prefetch;1041.9
udemy_com-htm;css-preload;1016.5
udemy_com-htm;img-prefetch;1026.2
udemy_com-htm;img-preload;1056.4
udemy_com-htm;none;1220.5
udemy_com-htm;scr-prefetch;943.8
udemy_com-htm;scr-preload;998.8
udemy_com-htm;url-preconnect;1097.6
utorrent_com-htm;css-prefetch;1557.0
utorrent_com-htm;css-preload;2208.4
utorrent_com-htm;img-prefetch;1956.6
utorrent_com-htm;img-preload;1949.1
utorrent_com-htm;none;2252.8
utorrent_com-htm;scr-prefetch;2125.6
utorrent_com-htm;scr-preload;2161.9
utorrent_com-htm;url-preconnect;1906.7
variety_com-htm;css-prefetch;1100.9
variety_com-htm;css-preload;1182.0
variety_com-htm;img-prefetch;929.4
variety_com-htm;img-preload;1053.5
variety_com-htm;none;902.0
variety_com-htm;scr-prefetch;1071.5
variety_com-htm;scr-preload;779.9
variety_com-htm;url-preconnect;1028.9
vice_com-htm;css-prefetch;525.8
vice_com-htm;css-preload;1013.9
vice_com-htm;img-prefetch;956.6
vice_com-htm;img-preload;989.4
vice_com-htm;none;744.0
vice_com-htm;scr-prefetch;651.1
vice_com-htm;scr-preload;1094.9
vice_com-htm;url-preconnect;924.7
wattpad_com-htm;css-prefetch;1128.7
wattpad_com-htm;css-preload;1111.4
wattpad_com-htm;img-prefetch;1404.3
wattpad_com-htm;img-preload;1231.5
wattpad_com-htm;none;1289.5
wattpad_com-htm;scr-prefetch;1176.8
wattpad_com-htm;scr-preload;1355.1
wattpad_com-htm;url-preconnect;1283.9
wiley_com-htm;css-prefetch;2418.5
wiley_com-htm;css-preload;2925.8
wiley_com-htm;img-prefetch;2370.5
wiley_com-htm;img-preload;1712.6
wiley_com-htm;none;1788.7
wiley_com-htm;scr-prefetch;1943.9
wiley_com-htm;scr-preload;2236.6
wiley_com-htm;url-preconnect;3416.2
wix_com-htm;css-prefetch;1098.9
wix_com-htm;css-preload;992.9
wix_com-htm;img-prefetch;1047.6
wix_com-htm;img-preload;936.8
wix_com-htm;none;997.0
wix_com-htm;scr-prefetch;1045.1
wix_com-htm;scr-preload;1247.2
wix_com-htm;url-preconnect;867.6
www_wixsite_com-htm;css-prefetch;782.1
www_wixsite_com-htm;css-preload;875.6
www_wixsite_com-htm;img-prefetch;1276.7
www_wixsite_com-htm;img-preload;1090.3
www_wixsite_com-htm;none;908.1
www_wixsite_com-htm;scr-prefetch;1082.0
www_wixsite_com-htm;scr-preload;901.7
www_wixsite_com-htm;url-preconnect;726.5
xing_com-htm;css-prefetch;792.8
xing_com-htm;css-preload;1029.4
xing_com-htm;img-prefetch;707.8
xing_com-htm;img-preload;462.0
xing_com-htm;none;745.0
xing_com-htm;scr-prefetch;795.7
xing_com-htm;scr-preload;774.5
xing_com-htm;url-preconnect;793.7
