Website,r_hint,power,content size
9gag_com.html,url-preconnect,53.668008,light
9gag_com.html,scr-preload,49.117212,light
9gag_com.html,scr-prefetch,52.17156,light
9gag_com.html,none,54.059587,light
9gag_com.html,img-preload,37.671192,light
9gag_com.html,img-prefetch,53.4843,light
9gag_com.html,css-preload,53.35416,light
9gag_com.html,css-prefetch,53.040312,light
adjust_com.html,url-preconnect,41.58486,heavy
adjust_com.html,scr-preload,43.311024,heavy
adjust_com.html,scr-prefetch,42.055632,heavy
adjust_com.html,none,43.875622,heavy
adjust_com.html,img-preload,44.38476,heavy
adjust_com.html,img-prefetch,45.56736,heavy
adjust_com.html,css-preload,45.351036,heavy
adjust_com.html,css-prefetch,42.526404,heavy
adp_com.html,url-preconnect,41.741784,heavy
adp_com.html,scr-preload,44.72334,heavy
adp_com.html,scr-prefetch,44.4159072,heavy
adp_com.html,none,48.353169,heavy
adp_com.html,img-preload,36.9208944,heavy
adp_com.html,img-prefetch,39.37248,heavy
adp_com.html,css-preload,43.93872,heavy
adp_com.html,css-prefetch,46.449504,heavy
aljazeera_com.html,url-preconnect,52.098768,light
aljazeera_com.html,scr-preload,58.218804,light
aljazeera_com.html,scr-prefetch,49.43106,light
aljazeera_com.html,none,55.133685,light
aljazeera_com.html,img-preload,47.810952,light
aljazeera_com.html,img-prefetch,38.60568,light
aljazeera_com.html,css-preload,48.018744,light
aljazeera_com.html,css-prefetch,48.64644,light
aljazeera_net.html,url-preconnect,44.72334,light
aljazeera_net.html,scr-preload,47.704896,light
aljazeera_net.html,scr-prefetch,44.2601712,light
aljazeera_net.html,none,49.668687,light
aljazeera_net.html,img-preload,45.2992176,light
aljazeera_net.html,img-prefetch,45.0275328,light
aljazeera_net.html,css-preload,44.880264,light
aljazeera_net.html,css-prefetch,40.80024,light
ameblo_jp.html,url-preconnect,46.763352,light
ameblo_jp.html,scr-preload,44.880264,light
ameblo_jp.html,scr-prefetch,43.8241104,light
ameblo_jp.html,none,46.28437,light
ameblo_jp.html,img-preload,44.4551328,light
ameblo_jp.html,img-prefetch,46.3483008,light
ameblo_jp.html,css-preload,46.763352,light
ameblo_jp.html,css-prefetch,44.252568,light
avira_com.html,url-preconnect,45.50796,heavy
avira_com.html,scr-preload,45.194112,heavy
avira_com.html,scr-prefetch,44.540496,heavy
avira_com.html,none,48.720656,heavy
avira_com.html,img-preload,37.0146816,heavy
avira_com.html,img-prefetch,38.697984,heavy
avira_com.html,css-preload,44.252568,heavy
avira_com.html,css-prefetch,42.526404,heavy
beget_ru.html,url-preconnect,42.683328,heavy
beget_ru.html,scr-preload,46.920276,heavy
beget_ru.html,scr-prefetch,44.9142624,heavy
beget_ru.html,none,44.671783,heavy
beget_ru.html,img-preload,43.2671616,heavy
beget_ru.html,img-prefetch,43.3041408,heavy
beget_ru.html,css-preload,44.095644,heavy
beget_ru.html,css-prefetch,44.566416,heavy
bild_de.html,url-preconnect,46.763352,light
bild_de.html,scr-preload,45.821808,light
bild_de.html,scr-prefetch,48.3716016,light
bild_de.html,none,55.11993,light
bild_de.html,img-preload,48.3316704,light
bild_de.html,img-prefetch,49.3846992,light
bild_de.html,css-preload,48.64644,light
bild_de.html,css-prefetch,53.197236,light
bilibili_com.html,url-preconnect,92.899008,light
bilibili_com.html,scr-preload,61.671132,light
bilibili_com.html,scr-prefetch,102.157524,light
bilibili_com.html,none,136.17595,light
bilibili_com.html,img-preload,82.695816,light
bilibili_com.html,img-prefetch,77.875884,light
bilibili_com.html,css-preload,110.474496,light
bilibili_com.html,css-prefetch,136.837728,light
binance_com.html,url-preconnect,43.93872,heavy
binance_com.html,scr-preload,42.36948,heavy
binance_com.html,scr-prefetch,43.781796,heavy
binance_com.html,none,47.102128,heavy
binance_com.html,img-preload,45.2257344,heavy
binance_com.html,img-prefetch,43.320636,heavy
binance_com.html,css-preload,42.055632,heavy
binance_com.html,css-prefetch,44.095644,heavy
bit_ly.html,url-preconnect,46.606428,light
bit_ly.html,scr-preload,42.212556,light
bit_ly.html,scr-prefetch,46.6273584,light
bit_ly.html,none,49.62569,light
bit_ly.html,img-preload,45.8306784,light
bit_ly.html,img-prefetch,38.7596016,light
bit_ly.html,css-preload,45.351036,light
bit_ly.html,css-prefetch,41.741784,light
bitrix24_ru.html,url-preconnect,46.920276,light
bitrix24_ru.html,scr-preload,42.36948,light
bitrix24_ru.html,scr-prefetch,45.50796,light
bitrix24_ru.html,none,48.961549,light
bitrix24_ru.html,img-preload,44.8208208,light
bitrix24_ru.html,img-prefetch,38.479104,light
bitrix24_ru.html,css-preload,42.212556,light
bitrix24_ru.html,css-prefetch,44.72334,light
bmj_com.html,url-preconnect,47.704896,light
bmj_com.html,scr-preload,57.748032,light
bmj_com.html,scr-prefetch,47.0011248,light
bmj_com.html,none,47.504709,light
bmj_com.html,img-preload,37.4523552,light
bmj_com.html,img-prefetch,44.340912,light
bmj_com.html,css-preload,45.978732,light
bmj_com.html,css-prefetch,44.72334,light
booking_com.html,url-preconnect,46.135656,heavy
booking_com.html,scr-preload,43.93872,heavy
booking_com.html,scr-prefetch,49.901832,heavy
booking_com.html,none,53.376713,heavy
booking_com.html,img-preload,45.1322928,heavy
booking_com.html,img-prefetch,43.5105,heavy
booking_com.html,css-preload,47.391048,heavy
booking_com.html,css-prefetch,42.683328,heavy
bund_de.html,url-preconnect,43.311024,heavy
bund_de.html,scr-preload,41.58486,heavy
bund_de.html,scr-prefetch,43.1077248,heavy
bund_de.html,none,44.951601,heavy
bund_de.html,img-preload,37.7337168,heavy
bund_de.html,img-prefetch,43.502508,heavy
bund_de.html,css-preload,43.467948,heavy
bund_de.html,css-prefetch,41.271012,heavy
buzzfeed_com.html,url-preconnect,46.29258,light
buzzfeed_com.html,scr-preload,53.824932,light
buzzfeed_com.html,scr-prefetch,46.6273584,light
buzzfeed_com.html,none,53.551029,light
buzzfeed_com.html,img-preload,37.7962416,light
buzzfeed_com.html,img-prefetch,49.278096,light
buzzfeed_com.html,css-preload,48.175668,light
buzzfeed_com.html,css-prefetch,47.234124,light
cbc_ca.html,url-preconnect,45.351036,light
cbc_ca.html,scr-preload,45.037188,light
cbc_ca.html,scr-prefetch,44.6027904,light
cbc_ca.html,none,46.850065,light
cbc_ca.html,img-preload,38.732256,light
cbc_ca.html,img-prefetch,41.808816,light
cbc_ca.html,css-preload,46.449504,light
cbc_ca.html,css-prefetch,46.135656,light
cbsnews_com.html,url-preconnect,60.886512,light
cbsnews_com.html,scr-preload,77.834304,light
cbsnews_com.html,scr-prefetch,69.203484,light
cbsnews_com.html,none,77.781126,light
cbsnews_com.html,img-preload,63.5091408,light
cbsnews_com.html,img-prefetch,38.574036,light
cbsnews_com.html,css-preload,71.086572,light
cbsnews_com.html,css-prefetch,71.40042,light
citi_com.html,url-preconnect,45.037188,heavy
citi_com.html,scr-preload,55.237248,heavy
citi_com.html,scr-prefetch,52.8567984,heavy
citi_com.html,none,53.650843,heavy
citi_com.html,img-preload,37.5774048,heavy
citi_com.html,img-prefetch,53.215344,heavy
citi_com.html,css-preload,54.9234,heavy
citi_com.html,css-prefetch,55.080324,heavy
comodoca_com.html,url-preconnect,52.883388,heavy
comodoca_com.html,scr-preload,43.93872,heavy
comodoca_com.html,scr-prefetch,44.7896736,heavy
comodoca_com.html,none,51.517276,heavy
comodoca_com.html,img-preload,49.7384784,heavy
comodoca_com.html,img-prefetch,51.5764224,heavy
comodoca_com.html,css-preload,45.664884,heavy
comodoca_com.html,css-prefetch,48.018744,heavy
divar_ir.html,url-preconnect,45.50796,light
divar_ir.html,scr-preload,44.095644,light
divar_ir.html,scr-prefetch,44.3536128,light
divar_ir.html,none,45.475259,light
divar_ir.html,img-preload,43.7986224,light
divar_ir.html,img-prefetch,43.9934976,light
divar_ir.html,css-preload,45.037188,light
divar_ir.html,css-prefetch,44.252568,light
dropbox_com.html,url-preconnect,44.880264,heavy
dropbox_com.html,scr-preload,45.978732,heavy
dropbox_com.html,scr-prefetch,43.6372272,heavy
dropbox_com.html,none,45.366176,heavy
dropbox_com.html,img-preload,42.360552,heavy
dropbox_com.html,img-prefetch,42.4894464,heavy
dropbox_com.html,css-preload,45.351036,heavy
dropbox_com.html,css-prefetch,46.763352,heavy
elpais_com.html,url-preconnect,48.332592,light
elpais_com.html,scr-preload,45.664884,light
elpais_com.html,scr-prefetch,44.566416,light
elpais_com.html,none,47.103376,light
elpais_com.html,img-preload,46.2224448,light
elpais_com.html,img-prefetch,51.643008,light
elpais_com.html,css-preload,44.72334,light
elpais_com.html,css-prefetch,46.135656,light
exacttarget_com.html,url-preconnect,49.587984,heavy
exacttarget_com.html,scr-preload,45.351036,heavy
exacttarget_com.html,scr-prefetch,42.8585472,heavy
exacttarget_com.html,none,53.525951,heavy
exacttarget_com.html,img-preload,37.3898304,heavy
exacttarget_com.html,img-prefetch,45.684576,heavy
exacttarget_com.html,css-preload,42.840252,heavy
exacttarget_com.html,css-prefetch,42.212556,heavy
express_co_uk.html,url-preconnect,51.941844,light
express_co_uk.html,scr-preload,51.157224,light
express_co_uk.html,scr-prefetch,47.704896,light
express_co_uk.html,none,55.59614,light
express_co_uk.html,img-preload,50.458464,light
express_co_uk.html,img-prefetch,38.225952,light
express_co_uk.html,css-preload,51.78492,light
express_co_uk.html,css-prefetch,53.040312,light
fandom_com.html,url-preconnect,48.489516,light
fandom_com.html,scr-preload,43.467948,light
fandom_com.html,scr-prefetch,45.194112,light
fandom_com.html,none,49.227505,light
fandom_com.html,img-preload,37.7024544,light
fandom_com.html,img-prefetch,41.9283,light
fandom_com.html,css-preload,48.175668,light
fandom_com.html,css-prefetch,42.997176,light
flaticon_com.html,url-preconnect,48.175668,heavy
flaticon_com.html,scr-preload,41.58486,heavy
flaticon_com.html,scr-prefetch,48.433896,heavy
flaticon_com.html,none,51.779673,heavy
flaticon_com.html,img-preload,45.017856,heavy
flaticon_com.html,img-prefetch,45.6855552,heavy
flaticon_com.html,css-preload,49.274136,heavy
flaticon_com.html,css-prefetch,48.175668,heavy
flipboard_com.html,url-preconnect,46.763352,heavy
flipboard_com.html,scr-preload,46.29258,heavy
flipboard_com.html,scr-prefetch,49.901832,heavy
flipboard_com.html,none,53.638597,heavy
flipboard_com.html,img-preload,45.8175312,heavy
flipboard_com.html,img-prefetch,43.573788,heavy
flipboard_com.html,css-preload,45.194112,heavy
flipboard_com.html,css-prefetch,47.391048,heavy
force_com.html,url-preconnect,46.29258,heavy
force_com.html,scr-preload,46.606428,heavy
force_com.html,scr-prefetch,42.36948,heavy
force_com.html,none,49.933995,heavy
force_com.html,img-preload,43.917552,heavy
force_com.html,img-prefetch,38.92212,heavy
force_com.html,css-preload,44.566416,heavy
force_com.html,css-prefetch,46.449504,heavy
freepik_com.html,url-preconnect,48.332592,heavy
freepik_com.html,scr-preload,44.880264,heavy
freepik_com.html,scr-prefetch,47.0772,heavy
freepik_com.html,none,49.60202,heavy
freepik_com.html,img-preload,46.6273584,heavy
freepik_com.html,img-prefetch,40.50432,heavy
freepik_com.html,css-preload,45.821808,heavy
freepik_com.html,css-prefetch,48.489516,heavy
frontiersin_org.html,url-preconnect,43.1541,heavy
frontiersin_org.html,scr-preload,44.72334,heavy
frontiersin_org.html,scr-prefetch,44.409492,heavy
frontiersin_org.html,none,46.868116,heavy
frontiersin_org.html,img-preload,45.3503232,heavy
frontiersin_org.html,img-prefetch,38.60568,heavy
frontiersin_org.html,css-preload,44.095644,heavy
frontiersin_org.html,css-prefetch,43.1541,heavy
ft_com.html,url-preconnect,45.351036,light
ft_com.html,scr-preload,42.055632,light
ft_com.html,scr-prefetch,47.547972,light
ft_com.html,none,45.800399,light
ft_com.html,img-preload,46.3781808,light
ft_com.html,img-prefetch,45.0927,light
ft_com.html,css-preload,47.0772,light
ft_com.html,css-prefetch,45.821808,light
garmin_com.html,url-preconnect,44.409492,light
garmin_com.html,scr-preload,42.36948,light
garmin_com.html,scr-prefetch,42.6093696,light
garmin_com.html,none,48.435268,light
garmin_com.html,img-preload,37.202256,light
garmin_com.html,img-prefetch,41.1772896,light
garmin_com.html,css-preload,43.624872,light
garmin_com.html,css-prefetch,47.0772,light
gismeteo_ru.html,url-preconnect,45.978732,light
gismeteo_ru.html,scr-preload,43.311024,light
gismeteo_ru.html,scr-prefetch,46.920276,light
gismeteo_ru.html,none,48.064828,light
gismeteo_ru.html,img-preload,46.4404752,light
gismeteo_ru.html,img-prefetch,44.77626,light
gismeteo_ru.html,css-preload,45.978732,light
gismeteo_ru.html,css-prefetch,45.821808,light
herokuapp_com.html,url-preconnect,50.529528,heavy
herokuapp_com.html,scr-preload,49.901832,heavy
herokuapp_com.html,scr-prefetch,48.64644,heavy
herokuapp_com.html,none,48.937719,heavy
herokuapp_com.html,img-preload,44.696232,heavy
herokuapp_com.html,img-prefetch,44.364888,heavy
herokuapp_com.html,css-preload,49.587984,heavy
herokuapp_com.html,css-prefetch,48.018744,heavy
hindustantimes_com.html,url-preconnect,46.763352,light
hindustantimes_com.html,scr-preload,48.332592,light
hindustantimes_com.html,scr-prefetch,45.7240896,light
hindustantimes_com.html,none,52.152552,light
hindustantimes_com.html,img-preload,41.6727792,light
hindustantimes_com.html,img-prefetch,41.7374208,light
hindustantimes_com.html,css-preload,46.920276,light
hindustantimes_com.html,css-prefetch,42.683328,light
hollywoodreporter_com.html,url-preconnect,47.704896,light
hollywoodreporter_com.html,scr-preload,46.449504,light
hollywoodreporter_com.html,scr-prefetch,45.978732,light
hollywoodreporter_com.html,none,52.042881,light
hollywoodreporter_com.html,img-preload,45.5060592,light
hollywoodreporter_com.html,img-prefetch,50.31396,light
hollywoodreporter_com.html,css-preload,42.997176,light
hollywoodreporter_com.html,css-prefetch,47.0772,light
hostgator_com.html,url-preconnect,47.704896,light
hostgator_com.html,scr-preload,43.311024,light
hostgator_com.html,scr-prefetch,44.2601712,light
hostgator_com.html,none,48.190133,light
hostgator_com.html,img-preload,37.51488,light
hostgator_com.html,img-prefetch,41.528592,light
hostgator_com.html,css-preload,47.547972,light
hostgator_com.html,css-prefetch,45.664884,light
icicibank_com.html,url-preconnect,49.274136,heavy
icicibank_com.html,scr-preload,45.351036,heavy
icicibank_com.html,scr-prefetch,47.3748912,heavy
icicibank_com.html,none,49.390833,heavy
icicibank_com.html,img-preload,37.7649792,heavy
icicibank_com.html,img-prefetch,47.181204,heavy
icicibank_com.html,css-preload,50.372604,heavy
icicibank_com.html,css-prefetch,48.803364,heavy
infonline_de.html,url-preconnect,46.29258,heavy
infonline_de.html,scr-preload,47.234124,heavy
infonline_de.html,scr-prefetch,41.741784,heavy
infonline_de.html,none,49.447586,heavy
infonline_de.html,img-preload,47.7798048,heavy
infonline_de.html,img-prefetch,38.732256,heavy
infonline_de.html,css-preload,48.018744,heavy
infonline_de.html,css-prefetch,46.763352,heavy
intel_com.html,url-preconnect,43.93872,heavy
intel_com.html,scr-preload,44.566416,heavy
intel_com.html,scr-prefetch,44.095644,heavy
intel_com.html,none,44.911013,heavy
intel_com.html,img-preload,44.1355824,heavy
intel_com.html,img-prefetch,41.516928,heavy
intel_com.html,css-preload,42.840252,heavy
intel_com.html,css-prefetch,39.544848,heavy
investing_com.html,url-preconnect,44.72334,heavy
investing_com.html,scr-preload,54.766476,heavy
investing_com.html,scr-prefetch,46.606428,heavy
investing_com.html,none,49.403066,heavy
investing_com.html,img-preload,37.5461424,heavy
investing_com.html,img-prefetch,44.396532,heavy
investing_com.html,css-preload,49.43106,heavy
investing_com.html,css-prefetch,47.234124,heavy
jstor_org.html,url-preconnect,44.095644,heavy
jstor_org.html,scr-preload,46.449504,heavy
jstor_org.html,scr-prefetch,45.821808,heavy
jstor_org.html,none,46.553973,heavy
jstor_org.html,img-preload,44.851968,heavy
jstor_org.html,img-prefetch,38.637324,heavy
jstor_org.html,css-preload,45.978732,heavy
jstor_org.html,css-prefetch,43.624872,heavy
lenta_ru.html,url-preconnect,46.449504,light
lenta_ru.html,scr-preload,46.449504,light
lenta_ru.html,scr-prefetch,52.098768,light
lenta_ru.html,none,56.222679,light
lenta_ru.html,img-preload,47.1257136,light
lenta_ru.html,img-prefetch,53.098632,light
lenta_ru.html,css-preload,47.704896,light
lenta_ru.html,css-prefetch,49.587984,light
livejournal_com.html,url-preconnect,58.06188,heavy
livejournal_com.html,scr-preload,56.178792,heavy
livejournal_com.html,scr-prefetch,57.120336,heavy
livejournal_com.html,none,65.735378,heavy
livejournal_com.html,img-preload,55.8780768,heavy
livejournal_com.html,img-prefetch,61.895664,heavy
livejournal_com.html,css-preload,60.101892,heavy
livejournal_com.html,css-prefetch,59.944968,heavy
luminate_com.html,url-preconnect,42.212556,heavy
luminate_com.html,scr-preload,41.58486,heavy
luminate_com.html,scr-prefetch,42.36948,heavy
luminate_com.html,none,46.339212,heavy
luminate_com.html,img-preload,45.4437648,heavy
luminate_com.html,img-prefetch,43.447212,heavy
luminate_com.html,css-preload,46.29258,heavy
luminate_com.html,css-prefetch,42.212556,heavy
marketwatch_com.html,url-preconnect,55.864944,heavy
marketwatch_com.html,scr-preload,59.317272,heavy
marketwatch_com.html,scr-prefetch,52.412616,heavy
marketwatch_com.html,none,59.095195,heavy
marketwatch_com.html,img-preload,37.7962416,heavy
marketwatch_com.html,img-prefetch,46.231884,heavy
marketwatch_com.html,css-preload,59.160348,heavy
marketwatch_com.html,css-prefetch,47.0772,heavy
marriott_com.html,url-preconnect,49.901832,heavy
marriott_com.html,scr-preload,46.763352,heavy
marriott_com.html,scr-prefetch,48.9633984,heavy
marriott_com.html,none,51.208927,heavy
marriott_com.html,img-preload,37.7337168,heavy
marriott_com.html,img-prefetch,44.3695104,heavy
marriott_com.html,css-preload,47.704896,heavy
marriott_com.html,css-prefetch,47.391048,heavy
mashable_com.html,url-preconnect,45.194112,light
mashable_com.html,scr-preload,47.0772,light
mashable_com.html,scr-prefetch,43.9486992,light
mashable_com.html,none,46.083316,light
mashable_com.html,img-preload,45.3617424,light
mashable_com.html,img-prefetch,42.3954432,light
mashable_com.html,css-preload,45.50796,light
mashable_com.html,css-prefetch,43.311024,light
mathtag_com.html,url-preconnect,45.821808,light
mathtag_com.html,scr-preload,44.72334,light
mathtag_com.html,scr-prefetch,44.4159072,light
mathtag_com.html,none,45.368192,light
mathtag_com.html,img-preload,38.510748,light
mathtag_com.html,img-prefetch,45.0780768,light
mathtag_com.html,css-preload,48.332592,light
mathtag_com.html,css-prefetch,44.095644,light
mirror_co_uk.html,url-preconnect,46.920276,heavy
mirror_co_uk.html,scr-preload,45.821808,heavy
mirror_co_uk.html,scr-prefetch,44.095644,heavy
mirror_co_uk.html,none,50.115349,heavy
mirror_co_uk.html,img-preload,46.1290032,heavy
mirror_co_uk.html,img-prefetch,39.555,heavy
mirror_co_uk.html,css-preload,43.93872,heavy
mirror_co_uk.html,css-prefetch,46.920276,heavy
mongodb_com.html,url-preconnect,47.234124,heavy
mongodb_com.html,scr-preload,44.72334,heavy
mongodb_com.html,scr-prefetch,48.018744,heavy
mongodb_com.html,none,47.506737,heavy
mongodb_com.html,img-preload,37.5461424,heavy
mongodb_com.html,img-prefetch,43.795296,heavy
mongodb_com.html,css-preload,51.0003,heavy
mongodb_com.html,css-prefetch,47.704896,heavy
mparticle_com.html,url-preconnect,45.821808,light
mparticle_com.html,scr-preload,46.135656,light
mparticle_com.html,scr-prefetch,45.351036,light
mparticle_com.html,none,53.552265,light
mparticle_com.html,img-preload,44.0109936,light
mparticle_com.html,img-prefetch,38.542392,light
mparticle_com.html,css-preload,54.766476,light
mparticle_com.html,css-prefetch,43.624872,light
myanimelist_net.html,url-preconnect,47.86182,heavy
myanimelist_net.html,scr-preload,46.606428,heavy
myanimelist_net.html,scr-prefetch,44.566416,heavy
myanimelist_net.html,none,49.571679,heavy
myanimelist_net.html,img-preload,46.0667088,heavy
myanimelist_net.html,img-prefetch,43.257348,heavy
myanimelist_net.html,css-preload,45.664884,heavy
myanimelist_net.html,css-prefetch,42.055632,heavy
namecheap_com.html,url-preconnect,67.948092,heavy
namecheap_com.html,scr-preload,44.252568,heavy
namecheap_com.html,scr-prefetch,43.781796,heavy
namecheap_com.html,none,63.141783,heavy
namecheap_com.html,img-preload,44.696232,heavy
namecheap_com.html,img-prefetch,45.820512,heavy
namecheap_com.html,css-preload,45.821808,heavy
namecheap_com.html,css-prefetch,47.391048,heavy
namu_wiki.html,url-preconnect,44.409492,light
namu_wiki.html,scr-preload,42.36948,light
namu_wiki.html,scr-prefetch,45.351036,light
namu_wiki.html,none,42.837946,light
namu_wiki.html,img-preload,37.4523552,light
namu_wiki.html,img-prefetch,43.763652,light
namu_wiki.html,css-preload,42.212556,light
namu_wiki.html,css-prefetch,43.311024,light
newsweek_com.html,url-preconnect,45.50796,light
newsweek_com.html,scr-preload,42.526404,light
newsweek_com.html,scr-prefetch,44.1667296,light
newsweek_com.html,none,49.182197,light
newsweek_com.html,img-preload,37.1397312,light
newsweek_com.html,img-prefetch,38.1339648,light
newsweek_com.html,css-preload,45.50796,light
newsweek_com.html,css-prefetch,43.781796,light
nexon_com.html,url-preconnect,42.055632,heavy
nexon_com.html,scr-preload,41.898708,heavy
nexon_com.html,scr-prefetch,42.8896944,heavy
nexon_com.html,none,44.57908,heavy
nexon_com.html,img-preload,41.5164672,heavy
nexon_com.html,img-prefetch,41.7374208,heavy
nexon_com.html,css-preload,45.351036,heavy
nexon_com.html,css-prefetch,42.997176,heavy
nextdoor_com.html,url-preconnect,47.704896,heavy
nextdoor_com.html,scr-preload,45.978732,heavy
nextdoor_com.html,scr-prefetch,43.311024,heavy
nextdoor_com.html,none,48.450878,heavy
nextdoor_com.html,img-preload,48.5584848,heavy
nextdoor_com.html,img-prefetch,47.339424,heavy
nextdoor_com.html,css-preload,48.489516,heavy
nextdoor_com.html,css-prefetch,48.803364,heavy
nfl_com.html,url-preconnect,50.843376,light
nfl_com.html,scr-preload,44.566416,light
nfl_com.html,scr-prefetch,47.234124,light
nfl_com.html,none,50.962571,light
nfl_com.html,img-preload,51.9846768,light
nfl_com.html,img-prefetch,52.465752,light
nfl_com.html,css-preload,47.704896,light
nfl_com.html,css-prefetch,52.726464,light
no.ip_com.html,url-preconnect,73.75428,light
no.ip_com.html,scr-preload,45.50796,light
no.ip_com.html,scr-prefetch,44.252568,light
no.ip_com.html,none,76.066656,light
no.ip_com.html,img-preload,48.745368,light
no.ip_com.html,img-prefetch,50.567112,light
no.ip_com.html,css-preload,45.194112,light
no.ip_com.html,css-prefetch,48.018744,light
nytimes_com.html,url-preconnect,47.86182,light
nytimes_com.html,scr-preload,47.547972,light
nytimes_com.html,scr-prefetch,45.3814704,light
nytimes_com.html,none,53.103325,light
nytimes_com.html,img-preload,48.6442944,light
nytimes_com.html,img-prefetch,49.7903616,light
nytimes_com.html,css-preload,49.117212,light
nytimes_com.html,css-prefetch,44.72334,light
okta_com.html,url-preconnect,45.351036,heavy
okta_com.html,scr-preload,42.997176,heavy
okta_com.html,scr-prefetch,43.1541,heavy
okta_com.html,none,47.367449,heavy
okta_com.html,img-preload,45.0699984,heavy
okta_com.html,img-prefetch,38.827188,heavy
okta_com.html,css-preload,44.880264,heavy
okta_com.html,css-prefetch,46.449504,heavy
optimizely_com.html,url-preconnect,46.135656,heavy
optimizely_com.html,scr-preload,41.271012,heavy
optimizely_com.html,scr-prefetch,41.741784,heavy
optimizely_com.html,none,49.091133,heavy
optimizely_com.html,img-preload,44.38476,heavy
optimizely_com.html,img-prefetch,44.681328,heavy
optimizely_com.html,css-preload,44.566416,heavy
optimizely_com.html,css-prefetch,43.93872,heavy
parallels_com.html,url-preconnect,44.252568,light
parallels_com.html,scr-preload,44.095644,light
parallels_com.html,scr-prefetch,44.566416,light
parallels_com.html,none,47.251942,light
parallels_com.html,img-preload,44.3536128,light
parallels_com.html,img-prefetch,39.460068,light
parallels_com.html,css-preload,45.351036,light
parallels_com.html,css-prefetch,44.880264,light
paypal_com.html,url-preconnect,44.72334,heavy
paypal_com.html,scr-preload,43.781796,heavy
paypal_com.html,scr-prefetch,45.037188,heavy
paypal_com.html,none,51.104695,heavy
paypal_com.html,img-preload,44.8812288,heavy
paypal_com.html,img-prefetch,46.485036,heavy
paypal_com.html,css-preload,47.391048,heavy
paypal_com.html,css-prefetch,47.86182,heavy
pcmag_com.html,url-preconnect,46.449504,light
pcmag_com.html,scr-preload,48.175668,light
pcmag_com.html,scr-prefetch,46.876536,light
pcmag_com.html,none,46.454692,light
pcmag_com.html,img-preload,42.2355024,light
pcmag_com.html,img-prefetch,42.6461184,light
pcmag_com.html,css-preload,44.880264,light
pcmag_com.html,css-prefetch,42.840252,light
python_org.html,url-preconnect,41.741784,light
python_org.html,scr-preload,42.526404,light
python_org.html,scr-prefetch,42.983136,light
python_org.html,none,49.490778,light
python_org.html,img-preload,41.9854032,light
python_org.html,img-prefetch,41.51808,light
python_org.html,css-preload,46.606428,light
python_org.html,css-prefetch,43.624872,light
qualtrics_com.html,url-preconnect,43.781796,heavy
qualtrics_com.html,scr-preload,45.664884,heavy
qualtrics_com.html,scr-prefetch,44.409492,heavy
qualtrics_com.html,none,50.205535,heavy
qualtrics_com.html,img-preload,46.253592,heavy
qualtrics_com.html,img-prefetch,44.902836,heavy
qualtrics_com.html,css-preload,46.449504,heavy
qualtrics_com.html,css-prefetch,45.664884,heavy
quora_com.html,url-preconnect,43.467948,heavy
quora_com.html,scr-preload,42.997176,heavy
quora_com.html,scr-prefetch,43.624872,heavy
quora_com.html,none,46.306143,heavy
quora_com.html,img-preload,43.7929632,heavy
quora_com.html,img-prefetch,39.966372,heavy
quora_com.html,css-preload,46.135656,heavy
quora_com.html,css-prefetch,42.997176,heavy
rambler_ru.html,url-preconnect,46.763352,light
rambler_ru.html,scr-preload,42.997176,light
rambler_ru.html,scr-prefetch,43.467948,light
rambler_ru.html,none,47.190549,light
rambler_ru.html,img-preload,45.9732672,light
rambler_ru.html,img-prefetch,45.282564,light
rambler_ru.html,css-preload,48.489516,light
rambler_ru.html,css-prefetch,44.409492,light
rapid7_com.html,url-preconnect,42.683328,heavy
rapid7_com.html,scr-preload,45.351036,heavy
rapid7_com.html,scr-prefetch,43.311024,heavy
rapid7_com.html,none,51.714684,heavy
rapid7_com.html,img-preload,45.319176,heavy
rapid7_com.html,img-prefetch,47.117916,heavy
rapid7_com.html,css-preload,48.332592,heavy
rapid7_com.html,css-prefetch,45.978732,heavy
redgifs_com.html,url-preconnect,42.212556,heavy
redgifs_com.html,scr-preload,44.72334,heavy
redgifs_com.html,scr-prefetch,42.055632,heavy
redgifs_com.html,none,45.406752,heavy
redgifs_com.html,img-preload,45.0388512,heavy
redgifs_com.html,img-prefetch,44.77626,heavy
redgifs_com.html,css-preload,41.741784,heavy
redgifs_com.html,css-prefetch,41.898708,heavy
researchgate_net.html,url-preconnect,43.467948,light
researchgate_net.html,scr-preload,41.271012,light
researchgate_net.html,scr-prefetch,43.4191968,light
researchgate_net.html,none,43.379972,light
researchgate_net.html,img-preload,43.8611472,light
researchgate_net.html,img-prefetch,41.048064,light
researchgate_net.html,css-preload,44.095644,light
researchgate_net.html,css-prefetch,42.840252,light
ring_com.html,url-preconnect,54.452628,light
ring_com.html,scr-preload,62.612676,light
ring_com.html,scr-prefetch,49.7732256,light
ring_com.html,none,58.3265,light
ring_com.html,img-preload,55.49076,light
ring_com.html,img-prefetch,56.34864,light
ring_com.html,css-preload,49.117212,light
ring_com.html,css-prefetch,60.572664,light
rollingstone_com.html,url-preconnect,45.194112,light
rollingstone_com.html,scr-preload,43.781796,light
rollingstone_com.html,scr-prefetch,45.474912,light
rollingstone_com.html,none,47.751727,light
rollingstone_com.html,img-preload,47.1124368,light
rollingstone_com.html,img-prefetch,48.0043008,light
rollingstone_com.html,css-preload,47.86182,light
rollingstone_com.html,css-prefetch,45.664884,light
salesforce_com.html,url-preconnect,45.978732,light
salesforce_com.html,scr-preload,43.781796,light
salesforce_com.html,scr-prefetch,43.311024,light
salesforce_com.html,none,47.219732,light
salesforce_com.html,img-preload,43.1077248,light
salesforce_com.html,img-prefetch,38.162664,light
salesforce_com.html,css-preload,42.212556,light
salesforce_com.html,css-prefetch,44.252568,light
scmp_com.html,url-preconnect,52.255692,heavy
scmp_com.html,scr-preload,47.547972,heavy
scmp_com.html,scr-prefetch,51.0003,heavy
scmp_com.html,none,52.289049,heavy
scmp_com.html,img-preload,51.9535296,heavy
scmp_com.html,img-prefetch,41.548572,heavy
scmp_com.html,css-preload,54.452628,heavy
scmp_com.html,css-prefetch,45.351036,heavy
sectigo_com.html,url-preconnect,46.29258,heavy
sectigo_com.html,scr-preload,44.566416,heavy
sectigo_com.html,scr-prefetch,50.4896112,heavy
sectigo_com.html,none,49.662974,heavy
sectigo_com.html,img-preload,37.6086672,heavy
sectigo_com.html,img-prefetch,42.778512,heavy
sectigo_com.html,css-preload,45.50796,heavy
sectigo_com.html,css-prefetch,46.135656,heavy
sharepoint_com.html,url-preconnect,45.821808,heavy
sharepoint_com.html,scr-preload,40.957164,heavy
sharepoint_com.html,scr-prefetch,44.229024,heavy
sharepoint_com.html,none,46.857029,heavy
sharepoint_com.html,img-preload,43.2671616,heavy
sharepoint_com.html,img-prefetch,41.8940928,heavy
sharepoint_com.html,css-preload,45.978732,heavy
sharepoint_com.html,css-prefetch,45.351036,heavy
shein_com.html,url-preconnect,51.157224,heavy
shein_com.html,scr-preload,53.040312,heavy
shein_com.html,scr-prefetch,52.6699152,heavy
shein_com.html,none,55.718105,heavy
shein_com.html,img-preload,54.8342496,heavy
shein_com.html,img-prefetch,54.2711808,heavy
shein_com.html,css-preload,48.489516,heavy
shein_com.html,css-prefetch,43.781796,heavy
shopee_co_id.html,url-preconnect,46.135656,heavy
shopee_co_id.html,scr-preload,43.1541,heavy
shopee_co_id.html,scr-prefetch,44.1044352,heavy
shopee_co_id.html,none,50.055076,heavy
shopee_co_id.html,img-preload,37.5461424,heavy
shopee_co_id.html,img-prefetch,41.153616,heavy
shopee_co_id.html,css-preload,41.58486,heavy
shopee_co_id.html,css-prefetch,42.212556,heavy
shopee_co_th.html,url-preconnect,44.252568,heavy
shopee_co_th.html,scr-preload,48.960288,heavy
shopee_co_th.html,scr-prefetch,48.7142208,heavy
shopee_co_th.html,none,52.243495,heavy
shopee_co_th.html,img-preload,45.8932032,heavy
shopee_co_th.html,img-prefetch,44.9335296,heavy
shopee_co_th.html,css-preload,46.449504,heavy
shopee_co_th.html,css-prefetch,48.175668,heavy
shopee_tw.html,url-preconnect,42.997176,heavy
shopee_tw.html,scr-preload,43.624872,heavy
shopee_tw.html,scr-prefetch,51.6732048,heavy
shopee_tw.html,none,47.696928,heavy
shopee_tw.html,img-preload,45.2992176,heavy
shopee_tw.html,img-prefetch,43.4608128,heavy
shopee_tw.html,css-preload,46.920276,heavy
shopee_tw.html,css-prefetch,46.606428,heavy
shopee_vn.html,url-preconnect,50.686452,heavy
shopee_vn.html,scr-preload,49.117212,heavy
shopee_vn.html,scr-prefetch,46.7208,heavy
shopee_vn.html,none,49.058304,heavy
shopee_vn.html,img-preload,37.6086672,heavy
shopee_vn.html,img-prefetch,45.15336,heavy
shopee_vn.html,css-preload,46.920276,heavy
shopee_vn.html,css-prefetch,45.978732,heavy
sky_com.html,url-preconnect,41.427936,heavy
sky_com.html,scr-preload,45.50796,heavy
sky_com.html,scr-prefetch,45.351036,heavy
sky_com.html,none,44.849989,heavy
sky_com.html,img-preload,45.8175312,heavy
sky_com.html,img-prefetch,43.858584,heavy
sky_com.html,css-preload,43.1541,heavy
sky_com.html,css-prefetch,48.803364,heavy
slideshare_net.html,url-preconnect,43.93872,heavy
slideshare_net.html,scr-preload,42.840252,heavy
slideshare_net.html,scr-prefetch,49.274136,heavy
slideshare_net.html,none,46.942508,heavy
slideshare_net.html,img-preload,37.3273056,heavy
slideshare_net.html,img-prefetch,42.751044,heavy
slideshare_net.html,css-preload,45.50796,heavy
slideshare_net.html,css-prefetch,44.72334,heavy
soundcloud_com.html,url-preconnect,44.880264,heavy
soundcloud_com.html,scr-preload,44.409492,heavy
soundcloud_com.html,scr-prefetch,46.4404752,heavy
soundcloud_com.html,none,51.949165,heavy
soundcloud_com.html,img-preload,49.8010032,heavy
soundcloud_com.html,img-prefetch,47.628288,heavy
soundcloud_com.html,css-preload,43.781796,heavy
soundcloud_com.html,css-prefetch,47.0772,heavy
spiegel_de.html,url-preconnect,49.43106,light
spiegel_de.html,scr-preload,44.095644,light
spiegel_de.html,scr-prefetch,44.7896736,light
spiegel_de.html,none,49.63004,light
spiegel_de.html,img-preload,42.2657928,light
spiegel_de.html,img-prefetch,47.624328,light
spiegel_de.html,css-preload,44.72334,light
spiegel_de.html,css-prefetch,45.664884,light
squarespace_com.html,url-preconnect,44.566416,light
squarespace_com.html,scr-preload,43.1541,light
squarespace_com.html,scr-prefetch,46.7830944,light
squarespace_com.html,none,48.628846,light
squarespace_com.html,img-preload,51.2390736,light
squarespace_com.html,img-prefetch,49.821696,light
squarespace_com.html,css-preload,46.449504,light
squarespace_com.html,css-prefetch,45.978732,light
surfnet_nl.html,url-preconnect,42.997176,light
surfnet_nl.html,scr-preload,42.683328,light
surfnet_nl.html,scr-prefetch,42.055632,light
surfnet_nl.html,none,48.411265,light
surfnet_nl.html,img-preload,44.6027904,light
surfnet_nl.html,img-prefetch,40.50432,light
surfnet_nl.html,css-preload,43.93872,light
surfnet_nl.html,css-prefetch,43.624872,light
t.online_de.html,url-preconnect,49.744908,light
t.online_de.html,scr-preload,51.0003,light
t.online_de.html,scr-prefetch,50.0535504,light
t.online_de.html,none,51.359294,light
t.online_de.html,img-preload,37.6399296,light
t.online_de.html,img-prefetch,40.0140288,light
t.online_de.html,css-preload,63.397296,light
t.online_de.html,css-prefetch,49.274136,light
taobao_com.html,url-preconnect,44.72334,heavy
taobao_com.html,scr-preload,44.409492,heavy
taobao_com.html,scr-prefetch,45.037188,heavy
taobao_com.html,none,47.700948,heavy
taobao_com.html,img-preload,45.2257344,heavy
taobao_com.html,img-prefetch,45.282564,heavy
taobao_com.html,css-preload,44.095644,heavy
taobao_com.html,css-prefetch,47.234124,heavy
ted_com.html,url-preconnect,46.920276,heavy
ted_com.html,scr-preload,44.252568,heavy
ted_com.html,scr-prefetch,45.351036,heavy
ted_com.html,none,46.359349,heavy
ted_com.html,img-preload,37.6399296,heavy
ted_com.html,img-prefetch,44.269956,heavy
ted_com.html,css-preload,49.117212,heavy
ted_com.html,css-prefetch,47.234124,heavy
theatlantic_com.html,url-preconnect,48.332592,light
theatlantic_com.html,scr-preload,46.135656,light
theatlantic_com.html,scr-prefetch,47.0634192,light
theatlantic_com.html,none,49.74005,light
theatlantic_com.html,img-preload,40.6098576,light
theatlantic_com.html,img-prefetch,43.6801536,light
theatlantic_com.html,css-preload,49.901832,light
theatlantic_com.html,css-prefetch,44.095644,light
tiktok_com.html,url-preconnect,45.978732,heavy
tiktok_com.html,scr-preload,42.840252,heavy
tiktok_com.html,scr-prefetch,46.606428,heavy
tiktok_com.html,none,48.549346,heavy
tiktok_com.html,img-preload,47.0634192,heavy
tiktok_com.html,img-prefetch,44.048448,heavy
tiktok_com.html,css-preload,42.36948,heavy
tiktok_com.html,css-prefetch,46.763352,heavy
time_com.html,url-preconnect,49.901832,heavy
time_com.html,scr-preload,45.037188,heavy
time_com.html,scr-prefetch,45.50796,heavy
time_com.html,none,51.122501,heavy
time_com.html,img-preload,46.409328,heavy
time_com.html,img-prefetch,45.0927,heavy
time_com.html,css-preload,48.489516,heavy
time_com.html,css-prefetch,44.409492,heavy
timeanddate_com.html,url-preconnect,45.664884,light
timeanddate_com.html,scr-preload,44.409492,light
timeanddate_com.html,scr-prefetch,44.72334,light
timeanddate_com.html,none,49.51516,light
timeanddate_com.html,img-preload,42.8896944,light
timeanddate_com.html,img-prefetch,38.44746,light
timeanddate_com.html,css-preload,44.72334,light
timeanddate_com.html,css-prefetch,43.93872,light
tinyurl_com.html,url-preconnect,43.1541,heavy
tinyurl_com.html,scr-preload,43.624872,heavy
tinyurl_com.html,scr-prefetch,42.055632,heavy
tinyurl_com.html,none,46.59666,heavy
tinyurl_com.html,img-preload,43.60608,heavy
tinyurl_com.html,img-prefetch,43.478856,heavy
tinyurl_com.html,css-preload,42.683328,heavy
tinyurl_com.html,css-prefetch,42.683328,heavy
trustpilot_com.html,url-preconnect,45.821808,light
trustpilot_com.html,scr-preload,44.095644,light
trustpilot_com.html,scr-prefetch,45.037188,light
trustpilot_com.html,none,48.240583,light
trustpilot_com.html,img-preload,44.7585264,light
trustpilot_com.html,img-prefetch,39.39678,light
trustpilot_com.html,css-preload,45.037188,light
trustpilot_com.html,css-prefetch,41.741784,light
txxx_com.html,url-preconnect,42.526404,heavy
txxx_com.html,scr-preload,44.409492,heavy
txxx_com.html,scr-prefetch,43.1541,heavy
txxx_com.html,none,44.826049,heavy
txxx_com.html,img-preload,44.5093488,heavy
txxx_com.html,img-prefetch,43.66872,heavy
txxx_com.html,css-preload,43.1541,heavy
txxx_com.html,css-prefetch,45.037188,heavy
ucdavis_edu.html,url-preconnect,49.744908,heavy
ucdavis_edu.html,scr-preload,60.41574,heavy
ucdavis_edu.html,scr-prefetch,65.280384,heavy
ucdavis_edu.html,none,65.538266,heavy
ucdavis_edu.html,img-preload,65.6894448,heavy
ucdavis_edu.html,img-prefetch,60.376752,heavy
ucdavis_edu.html,css-preload,47.547972,heavy
ucdavis_edu.html,css-prefetch,64.33884,heavy
udemy_com.html,url-preconnect,52.255692,heavy
udemy_com.html,scr-preload,54.13878,heavy
udemy_com.html,scr-prefetch,57.778056,heavy
udemy_com.html,none,56.143942,heavy
udemy_com.html,img-preload,57.3977664,heavy
udemy_com.html,img-prefetch,57.96864,heavy
udemy_com.html,css-preload,57.748032,heavy
udemy_com.html,css-prefetch,43.93872,heavy
uol_com_br.html,url-preconnect,60.101892,light
uol_com_br.html,scr-preload,57.120336,light
uol_com_br.html,scr-prefetch,42.526404,light
uol_com_br.html,none,63.94878,light
uol_com_br.html,img-preload,55.5043104,light
uol_com_br.html,img-prefetch,38.479104,light
uol_com_br.html,css-preload,56.649564,light
uol_com_br.html,css-prefetch,49.117212,light
utorrent_com.html,url-preconnect,45.037188,heavy
utorrent_com.html,scr-preload,42.526404,heavy
utorrent_com.html,scr-prefetch,43.781796,heavy
utorrent_com.html,none,45.691367,heavy
utorrent_com.html,img-preload,45.0388512,heavy
utorrent_com.html,img-prefetch,43.573788,heavy
utorrent_com.html,css-preload,47.86182,heavy
utorrent_com.html,css-prefetch,42.683328,heavy
variety_com.html,url-preconnect,48.489516,light
variety_com.html,scr-preload,45.351036,light
variety_com.html,scr-prefetch,60.886512,light
variety_com.html,none,50.388578,light
variety_com.html,img-preload,45.6617952,light
variety_com.html,img-prefetch,50.250672,light
variety_com.html,css-preload,41.898708,light
variety_com.html,css-prefetch,44.095644,light
vice_com.html,url-preconnect,43.781796,light
vice_com.html,scr-preload,42.997176,light
vice_com.html,scr-prefetch,45.0699984,light
vice_com.html,none,44.561792,light
vice_com.html,img-preload,44.9553312,light
vice_com.html,img-prefetch,43.5234816,light
vice_com.html,css-preload,43.467948,light
vice_com.html,css-prefetch,45.037188,light
washingtonpost_com.html,url-preconnect,47.0772,light
washingtonpost_com.html,scr-preload,54.13878,light
washingtonpost_com.html,scr-prefetch,43.781796,light
washingtonpost_com.html,none,58.015122,light
washingtonpost_com.html,img-preload,51.6732048,light
washingtonpost_com.html,img-prefetch,38.225952,light
washingtonpost_com.html,css-preload,47.0772,light
washingtonpost_com.html,css-prefetch,47.704896,light
wattpad_com.html,url-preconnect,44.409492,heavy
wattpad_com.html,scr-preload,46.135656,heavy
wattpad_com.html,scr-prefetch,46.29258,heavy
wattpad_com.html,none,48.372999,heavy
wattpad_com.html,img-preload,37.9525536,heavy
wattpad_com.html,img-prefetch,42.118164,heavy
wattpad_com.html,css-preload,46.606428,heavy
wattpad_com.html,css-prefetch,42.36948,heavy
welt_de.html,url-preconnect,64.809612,light
welt_de.html,scr-preload,42.840252,light
welt_de.html,scr-prefetch,48.960288,light
welt_de.html,none,55.098843,light
welt_de.html,img-preload,61.9517808,light
welt_de.html,img-prefetch,52.940412,light
welt_de.html,css-preload,62.298828,light
welt_de.html,css-prefetch,41.271012,light
wetransfer_com.html,url-preconnect,44.252568,heavy
wetransfer_com.html,scr-preload,49.117212,heavy
wetransfer_com.html,scr-prefetch,44.0421408,heavy
wetransfer_com.html,none,47.123434,heavy
wetransfer_com.html,img-preload,37.827504,heavy
wetransfer_com.html,img-prefetch,45.497088,heavy
wetransfer_com.html,css-preload,50.372604,heavy
wetransfer_com.html,css-prefetch,42.212556,heavy
wiley_com.html,url-preconnect,48.175668,heavy
wiley_com.html,scr-preload,44.409492,heavy
wiley_com.html,scr-prefetch,46.9388304,heavy
wiley_com.html,none,45.043579,heavy
wiley_com.html,img-preload,42.5481264,heavy
wiley_com.html,img-prefetch,41.65164,heavy
wiley_com.html,css-preload,43.1541,heavy
wiley_com.html,css-prefetch,44.409492,heavy
wix_com.html,url-preconnect,46.449504,heavy
wix_com.html,scr-preload,47.86182,heavy
wix_com.html,scr-prefetch,43.781796,heavy
wix_com.html,none,47.078378,heavy
wix_com.html,img-preload,44.851968,heavy
wix_com.html,img-prefetch,45.820512,heavy
wix_com.html,css-preload,47.86182,heavy
wix_com.html,css-prefetch,43.1541,heavy
wsj_com.html,url-preconnect,47.391048,light
wsj_com.html,scr-preload,43.467948,light
wsj_com.html,scr-prefetch,59.317272,light
wsj_com.html,none,55.899283,light
wsj_com.html,img-preload,46.9699776,light
wsj_com.html,img-prefetch,48.88998,light
wsj_com.html,css-preload,42.997176,light
wsj_com.html,css-prefetch,46.606428,light
www_wixsite_com.html,url-preconnect,45.50796,heavy
www_wixsite_com.html,scr-preload,41.427936,heavy
www_wixsite_com.html,scr-prefetch,42.840252,heavy
www_wixsite_com.html,none,48.010452,heavy
www_wixsite_com.html,img-preload,44.7273792,heavy
www_wixsite_com.html,img-prefetch,45.061056,heavy
www_wixsite_com.html,css-preload,45.821808,heavy
www_wixsite_com.html,css-prefetch,46.606428,heavy
xing_com.html,url-preconnect,44.72334,light
xing_com.html,scr-preload,42.212556,light
xing_com.html,scr-prefetch,40.80024,light
xing_com.html,none,44.416047,light
xing_com.html,img-preload,44.3536128,light
xing_com.html,img-prefetch,44.649684,light
xing_com.html,css-preload,42.997176,light
xing_com.html,css-prefetch,45.664884,light
youporn_com.html,url-preconnect,46.449504,light
youporn_com.html,scr-preload,47.86182,light
youporn_com.html,scr-prefetch,45.16344,light
youporn_com.html,none,45.675698,light
youporn_com.html,img-preload,44.4863952,light
youporn_com.html,img-prefetch,44.1978912,light
youporn_com.html,css-preload,45.664884,light
youporn_com.html,css-prefetch,44.72334,light
